{"0": {"x": 0.10439407080411911, "y": 0.31043940782546997}, "1": {"x": 0.32295307517051697, "y": 0.33229532837867737}, "2": {"x": 0.8028656244277954, "y": 0.3802865743637085}, "3": {"x": 0.36690449714660645, "y": 0.3366904556751251}, "4": {"x": 0.3329710364341736, "y": 0.33329710364341736}, "5": {"x": 0.07007602602243423, "y": 0.3070076107978821}, "6": {"x": 0.5379881262779236, "y": 0.35379883646965027}, "7": {"x": 0.30186352133750916, "y": 0.3301863670349121}, "8": {"x": 0.3935166001319885, "y": 0.33935168385505676}, "9": {"x": 0.8659425377845764, "y": 0.3865942656993866}, "10": {"x": 0.5039966106414795, "y": 0.3503996729850769}, "11": {"x": 0.8199802041053772, "y": 0.3819980323314667}, "12": {"x": 0.7726189494132996, "y": 0.3772619068622589}, "13": {"x": 0.021829703822731972, "y": 0.30218297243118286}, "14": {"x": 0.5904836058616638, "y": 0.35904836654663086}, "15": {"x": 0.34363120794296265, "y": 0.3343631327152252}, "16": {"x": 0.0314951166510582, "y": 0.3031495213508606}, "17": {"x": 0.7700266242027283, "y": 0.37700268626213074}, "18": {"x": 0.8163824081420898, "y": 0.3816382586956024}, "19": {"x": 0.571566104888916, "y": 0.3571566343307495}, "20": {"x": 0.2716403305530548, "y": 0.32716405391693115}, "21": {"x": 0.03254044055938721, "y": 0.30325406789779663}, "22": {"x": 0.4193696081638336, "y": 0.34193697571754456}, "23": {"x": 0.09067955613136292, "y": 0.309067964553833}, "24": {"x": 0.4533592462539673, "y": 0.3453359305858612}, "25": {"x": 0.1473708301782608, "y": 0.31473708152770996}, "26": {"x": 0.18510080873966217, "y": 0.3185100853443146}, "27": {"x": 0.6924644708633423, "y": 0.3692464530467987}, "28": {"x": 0.5837157368659973, "y": 0.3583715856075287}, "29": {"x": 0.1408093273639679, "y": 0.31408095359802246}, "30": {"x": 0.7576719522476196, "y": 0.37576720118522644}, "31": {"x": 0.39850208163261414, "y": 0.33985021710395813}, "32": {"x": 0.964277982711792, "y": 0.39642781019210815}, "33": {"x": 0.5421736240386963, "y": 0.35421738028526306}, "34": {"x": 0.6168937087059021, "y": 0.36168938875198364}, "35": {"x": 0.5430943965911865, "y": 0.35430943965911865}, "36": {"x": 0.622575044631958, "y": 0.3622575104236603}, "37": {"x": 0.5594363212585449, "y": 0.3559436500072479}, "38": {"x": 0.2570313811302185, "y": 0.32570314407348633}, "39": {"x": 0.6114466190338135, "y": 0.36114466190338135}, "40": {"x": 0.6515522599220276, "y": 0.36515524983406067}, "41": {"x": 0.7991260290145874, "y": 0.3799126148223877}, "42": {"x": 0.6479198932647705, "y": 0.36479198932647705}, "43": {"x": 0.6384933590888977, "y": 0.36384934186935425}, "44": {"x": 0.5227382779121399, "y": 0.3522738516330719}, "45": {"x": 0.5903307795524597, "y": 0.35903307795524597}, "46": {"x": 0.6870671510696411, "y": 0.36870673298835754}, "47": {"x": 0.23862677812576294, "y": 0.3238627016544342}, "48": {"x": 0.7175405621528625, "y": 0.37175408005714417}, "49": {"x": 0.01728549599647522, "y": 0.3017285466194153}, "50": {"x": 0.01607193425297737, "y": 0.3016071915626526}, "51": {"x": 0.5280623435974121, "y": 0.3528062403202057}, "52": {"x": 0.07622548937797546, "y": 0.3076225519180298}, "53": {"x": 0.9268504977226257, "y": 0.39268505573272705}, "54": {"x": 0.24226798117160797, "y": 0.3242267966270447}, "55": {"x": 0.7975976467132568, "y": 0.3797597885131836}, "56": {"x": 0.055292125791311264, "y": 0.30552923679351807}, "57": {"x": 0.646374523639679, "y": 0.36463746428489685}, "58": {"x": 0.38927435874938965, "y": 0.3389274477958679}, "59": {"x": 0.6404398679733276, "y": 0.3640440106391907}, "60": {"x": 0.6552967429161072, "y": 0.3655296862125397}, "61": {"x": 0.4734809696674347, "y": 0.34734809398651123}, "62": {"x": 0.5308725237846375, "y": 0.35308727622032166}, "63": {"x": 0.4186018407344818, "y": 0.34186020493507385}, "64": {"x": 0.7574188113212585, "y": 0.3757418990135193}, "65": {"x": 0.8723493218421936, "y": 0.38723495602607727}, "66": {"x": 0.6170945763587952, "y": 0.36170947551727295}, "67": {"x": 0.6069938540458679, "y": 0.3606993854045868}, "68": {"x": 0.2180025726556778, "y": 0.32180026173591614}, "69": {"x": 0.20458008348941803, "y": 0.3204580247402191}, "70": {"x": 0.18892188370227814, "y": 0.3188922107219696}, "71": {"x": 0.9234588742256165, "y": 0.3923459053039551}, "72": {"x": 0.5272802114486694, "y": 0.3527280390262604}, "73": {"x": 0.5249311327934265, "y": 0.35249313712120056}, "74": {"x": 0.8692251443862915, "y": 0.38692253828048706}, "75": {"x": 0.9636321663856506, "y": 0.396363228559494}, "76": {"x": 0.4702543318271637, "y": 0.34702545404434204}, "77": {"x": 0.19821353256702423, "y": 0.3198213577270508}, "78": {"x": 0.9619149565696716, "y": 0.3961915075778961}, "79": {"x": 0.07123328745365143, "y": 0.3071233332157135}, "80": {"x": 0.13344921171665192, "y": 0.31334492564201355}, "81": {"x": 0.47571608424186707, "y": 0.34757161140441895}, "82": {"x": 0.1207747831940651, "y": 0.31207749247550964}, "83": {"x": 0.7791811227798462, "y": 0.3779181241989136}, "84": {"x": 0.11810051649808884, "y": 0.31181007623672485}, "85": {"x": 0.94241863489151, "y": 0.3942418694496155}, "86": {"x": 0.04129934310913086, "y": 0.304129958152771}, "87": {"x": 0.602535605430603, "y": 0.36025357246398926}, "88": {"x": 0.42546242475509644, "y": 0.3425462543964386}, "89": {"x": 0.5207006931304932, "y": 0.3520700931549072}, "90": {"x": 0.72618567943573, "y": 0.37261858582496643}, "91": {"x": 0.3356779217720032, "y": 0.3335677981376648}, "92": {"x": 0.30630984902381897, "y": 0.33063098788261414}, "93": {"x": 0.534113347530365, "y": 0.35341134667396545}, "94": {"x": 0.9242820739746094, "y": 0.3924282193183899}, "95": {"x": 0.05233848839998245, "y": 0.3052338659763336}, "96": {"x": 0.01949409395456314, "y": 0.3019494116306305}, "97": {"x": 0.9921218752861023, "y": 0.39921221137046814}, "98": {"x": 0.6854845881462097, "y": 0.3685484826564789}, "99": {"x": 0.12055975943803787, "y": 0.3120559751987457}}